{
  "epoch": 5,
  "loss": 2.241262728462414,
  "learning_rate": 0.0003,
  "epoch_time": 4478.475239992142,
  "best_loss": 2.241262728462414,
  "best_epoch": 5,
  "is_best": true,
  "timestamp": "2025-12-14T23:30:32.036380",
  "config": {
    "grid_latent_dim": [
      24,
      32
    ],
    "action_dim": 22,
    "learning_rate": 0.0003,
    "block_size": 1537,
    "num_layers": 4,
    "num_heads": 4,
    "vocab_size": 512,
    "n_emb": 64,
    "dropout": 0.1,
    "batch_size": 32,
    "num_epochs": 200
  }
}